{
  "project_info": {
    "project_number": "686377123110",
    "firebase_url": "https://ionicpj.firebaseio.com",
    "project_id": "ionicpj",
    "storage_bucket": "ionicpj.appspot.com"
  },
  "client": [
    {
      "client_info": {
        "mobilesdk_app_id": "1:686377123110:android:e3c97b4d71a6309d",
        "android_client_info": {
          "package_name": "ppeat.test.hkct"
        }
      },
      "oauth_client": [
        {
          "client_id": "686377123110-3tgm5441ul0d3npotgsvbt5k4krtpt0g.apps.googleusercontent.com",
          "client_type": 3
        }
      ],
      "api_key": [
        {
          "current_key": "AIzaSyCYwTRA4awd1MP-P-70vZ4whdS0cUuIfJU"
        }
      ],
      "services": {
        "appinvite_service": {
          "other_platform_oauth_client": [
            {
              "client_id": "686377123110-3tgm5441ul0d3npotgsvbt5k4krtpt0g.apps.googleusercontent.com",
              "client_type": 3
            }
          ]
        }
      }
    }
  ],
  "configuration_version": "1"
}